﻿<?xml version="1.0"?><metadata><idinfo><citation><citeinfo><origin>Minnesota Department of Natural Resources (DNR)</origin><pubdate>2010-11-03 00:00:00.0</pubdate><title>Minnesota Deer Harvest</title><mgmg1cid></mgmg1cid><pubinfo><publish>Minnesota DNR - Division of Fish &amp; Wildlife - Wildlife Unit</publish></pubinfo><onlink>http://gisdata.mn.gov/dataset/env-mn-deer-harvest</onlink></citeinfo></citation><descript><abstract>Annual deer harvest. Number of deer taken per kill block, summed by age and method of harvest (firearm, archery, muzzle loader)</abstract><purpose>To summarize and map deer harvest information by weapon used and antlered status: buck or antlerless.</purpose><supplinf>Statewide</supplinf></descript><timeperd><timeinfo><sngdate><caldate>20140616</caldate></sngdate></timeinfo><current>1993-Current</current></timeperd><status><progress>Complete</progress><update>None</update></status><spdom><bounding><westbc>-96.833072</westbc><eastbc>-89.397127</eastbc><northbc>49.348368</northbc><southbc>43.435392</southbc></bounding></spdom><keywords><theme><themekey>Deer harvest, deer, big game, harvest</themekey></theme><place><placekey>Minnesota, deer permit areas, permit areas, deer zones, kill blocks</placekey></place></keywords><accconst>No special restrictions beyond those described in the Minnesota Department of Natural Resources General Geographic Data License Agreement.</accconst><useconst>No special restrictions beyond those described in the Minnesota Department of Natural Resources General Geographic Data License Agreement.</useconst><native>ArcView Shapefile</native><browse><browsen>ftp://ftp.gisdata.mn.gov/pub/gdrs/data/pub/us_mn_state_dnr/env_mn_deer_harvest/metadata/preview.jpg</browsen></browse><ptcontac><cntinfo><cntperp><cntorg>Minnesota DNR - Division of Fish &amp; Wildlife - Wildlife Unit</cntorg><cntper>Julie Hines</cntper></cntperp><cntpos>GIS Support Specialist</cntpos><cntaddr><addrtype>Mailing and Physical</addrtype><address>1201East Hwy 2</address><city>Grand Rapids</city><state>MN</state><postal>55744</postal></cntaddr><cntvoice>218-999-7943</cntvoice><cntfax>218-327-4263</cntfax><cntemail>Julie.Hines@state.mn.us</cntemail></cntinfo></ptcontac></idinfo><dataqual><logic>Data are topologically correct. All polygons are closed and lines intersect where intended.</logic><posacc><horizpa><horizpar>Source layer nra_dhrv09py3:  Original features were copied from USGS DLG data in 1992. All updates have been done by copying features from the Minnesota Department of Transportation roads layers; Minnesota DNR lakes, rivers and streams layers; and from other sources as needed.
</horizpar></horizpa><vertacc><vertaccr>Source layer nra_dhrv09py3:  Not Applicable
</vertaccr></vertacc></posacc><lineage><srcinfo><srcscale>Source layer nra_dhrv09py3:  24000
</srcscale></srcinfo></lineage></dataqual><spdoinfo><indspref></indspref><direct>vector</direct><mgmg3obj>polygon</mgmg3obj><mgmg3til>state</mgmg3til></spdoinfo><spref><vertdef><altsys><altdatum>Not Applicable</altdatum><altunits>Not Applicable</altunits></altsys><depthsys><depthdn>Not Applicable</depthdn><depthdu>Not Applicable</depthdu></depthsys></vertdef><horizsys><planar><gridsys><gridsysn>Universal Transverse Mercator</gridsysn><utm><utmzone>15</utmzone></utm></gridsys><planci><plandu>meters</plandu></planci></planar><geodetic><horizdn>NAD83</horizdn><ellips>GRS80</ellips></geodetic></horizsys></spref><distinfo><resdesc>env_mn_deer_harvest</resdesc><distliab>The Minnesota Department of Natural Resources General Geographic Data License Agreement is online: http://www.dnr.state.mn.us/sitetools/data_software_license.html</distliab><stdorder><digform><digtinfo><formname>ArcView Shapefile</formname><formvern>Not Applicable</formvern><transize>1024</transize></digtinfo></digform><ordering>Please visit the download page for this dataset on the Minnesota Geospatial Commons website using the web link below (Online Linkage).</ordering></stdorder><distrib><cntinfo><cntperp><cntorg>Minnesota DNR - Division of Fish &amp; Wildlife - Wildlife Unit</cntorg><cntper>Julie Hines</cntper></cntperp><cntpos>GIS Support Specialist</cntpos><cntaddr><addrtype>Mailing and Physical</addrtype><address>1201East Hwy 2</address><city>Grand Rapids</city><state>MN</state><postal>55744</postal></cntaddr><cntvoice>218-999-7943</cntvoice><cntfax>218-327-4263</cntfax><cntemail>Julie.Hines@state.mn.us</cntemail></cntinfo></distrib></distinfo><metainfo><metd>20150701</metd><metstdn>Minnesota Geographic Metadata Guidelines</metstdn><metstdv>1.2</metstdv><metextns><onlink>http://www.mngeo.state.mn.us/committee/standards/mgmg/metadata.htm</onlink></metextns><metc><cntinfo><cntperp><cntorg>Minnesota DNR - Division of Fish &amp; Wildlife - Wildlife Unit</cntorg><cntper>Julie Hines</cntper></cntperp><cntpos>GIS Support Specialist</cntpos><cntaddr><addrtype>Mailing and Physical</addrtype><address>1201East Hwy 2</address><city>Grand Rapids</city><state>MN</state><postal>55744</postal></cntaddr><cntvoice>218-999-7943</cntvoice><cntfax>218-327-4263</cntfax><cntemail>Julie.Hines@state.mn.us</cntemail></cntinfo></metc></metainfo></metadata>