<metadata xml:lang="en">
	<Esri>
		<CreaDate>20120314</CreaDate>
		<CreaTime>17111500</CreaTime>
		<SyncOnce>FALSE</SyncOnce>
		<DataProperties>
			<lineage>
				<Process ToolSource="C:\Program Files\ArcGIS\ArcToolbox\Toolboxes\Data Management Tools.tbx\DefineProjection" Date="20110407" Time="082157">DefineProjection 2010_deerharv_040511 PROJCS['NAD_1983_UTM_Zone_15N',GEOGCS['GCS_North_American_1983',DATUM['D_North_American_1983',SPHEROID['GRS_1980',6378137.0,298.257222101]],PRIMEM['Greenwich',0.0],UNIT['Degree',0.0174532925199433]],PROJECTION['Transverse_Mercator'],PARAMETER['False_Easting',500000.0],PARAMETER['False_Northing',0.0],PARAMETER['Central_Meridian',-93.0],PARAMETER['Scale_Factor',0.9996],PARAMETER['Latitude_Of_Origin',0.0],UNIT['Meter',1.0]] 2010_deerharv_040511</Process>
				<Process ToolSource="C:\Program Files\ArcGIS\Desktop10.0\ArcToolbox\Toolboxes\Data Management Tools.tbx\CalculateField" Date="20111116" Time="145827">CalculateField "2010 Deer Harvest" ANTLGUN "[ANTL_F_REG] + [ANTL_FI_IH] + [ANTL_FI_AS] + [ANTL_FI_Y] + [ANTL_EARLY] + [AF_FI_REG] + [FF_FI_REG] + [FM_FI_REG] + [AF_FI_IHP] + [FM_FI_IHP] + [FF_FI_IHP] + [AF_LF] + [FM_LF] + [FF_LF] + [AF_LA] + [FM_LA] + [FF_LA] + [AF_LM] + [FM_LM] + [FF_LM] + [AF_AS_F] + [FM_AS_F] + [FF_AS_F] + [AF_YF] + [FM_YF] + [FF_YF] + [AF_EARLY] + [FM_EARLY] + [FF_EARLY]" VB #</Process>
				<Process ToolSource="C:\Program Files\ArcGIS\Desktop10.0\ArcToolbox\Toolboxes\Data Management Tools.tbx\CalculateField" Date="20111116" Time="150052">CalculateField "2010 Deer Harvest" ANTLGUN "[ANTL_F_REG] + [ANTL_FI_IH] + [ANTL_FI_AS] + [ANTL_FI_Y] + [ANTL_EARLY] + [AF_FI_REG] + [FF_FI_REG] + [FM_FI_REG] + [AF_FI_IHP] + [FM_FI_IHP] + [FF_FI_IHP] + [AF_AS_F] + [FM_AS_F] + [FF_AS_F] + [AF_YF] + [FM_YF] + [FF_YF] + [AF_EARLY] + [FM_EARLY] + [FF_EARLY]" VB #</Process>
				<Process ToolSource="C:\Program Files\ArcGIS\Desktop10.0\ArcToolbox\Toolboxes\Data Management Tools.tbx\CalculateField" Date="20111116" Time="150124">CalculateField "2010 Deer Harvest" ANTLGUN "[ANTL_F_REG] + [ANTL_FI_IH] + [ANTL_FI_AS] + [ANTL_FI_Y] + [ANTL_EARLY] + [AF_FI_REG] + [FF_FI_REG] + [FM_FI_REG] + [AF_FI_IHP] + [FM_FI_IHP] + [FF_FI_IHP] + [AF_AS_F] + [FM_AS_F] + [FF_AS_F] + [AF_YF] + [FM_YF] + [FF_YF]" VB #</Process>
				<Process ToolSource="C:\Program Files\ArcGIS\Desktop10.0\ArcToolbox\Toolboxes\Data Management Tools.tbx\CalculateField" Date="20111116" Time="150801">CalculateField "2010 Deer Harvest" ANTLGUN 0 VB #</Process>
				<Process ToolSource="C:\Program Files\ArcGIS\Desktop10.0\ArcToolbox\Toolboxes\Data Management Tools.tbx\CalculateField" Date="20111116" Time="155943">CalculateField "2010 Deer Harvest" asd "[ANTLGUN] &amp; [ANTLBOW] &amp; [ANTLMUZ]" VB #</Process>
				<Process ToolSource="C:\Program Files\ArcGIS\Desktop10.0\ArcToolbox\Toolboxes\Data Management Tools.tbx\CalculateField" Date="20111116" Time="160028">CalculateField "2010 Deer Harvest" asd "[ANTLGUN] &amp; [ANTLBOW] &amp; [ANTLMUZ]" VB #</Process>
				<Process ToolSource="C:\Program Files\ArcGIS\Desktop10.0\ArcToolbox\Toolboxes\Data Management Tools.tbx\CalculateField" Date="20111116" Time="160403">CalculateField "2010 Deer Harvest" asd "[ANTLGUN] + [ANTLBOW] + [ANTLMUZ]" VB #</Process>
				<Process ToolSource="C:\Program Files\ArcGIS\Desktop10.0\ArcToolbox\Toolboxes\Data Management Tools.tbx\CalculateField" Date="20111116" Time="161627">CalculateField "2010 Deer Harvest" TOTALANTL [asd] VB #</Process>
				<Process ToolSource="C:\Program Files\ArcGIS\Desktop10.0\ArcToolbox\Toolboxes\Data Management Tools.tbx\CalculateField" Date="20111116" Time="162004">CalculateField "2010 Deer Harvest" ANTLSQMILE "[SQMILENONW] / [TOTALANTL]" VB #</Process>
				<Process ToolSource="C:\Program Files\ArcGIS\Desktop10.0\ArcToolbox\Toolboxes\Data Management Tools.tbx\CalculateField" Date="20111116" Time="162048">CalculateField "2010 Deer Harvest" TOTALHARV "[TOTALBUCK] + [TOTALANTL]" VB #</Process>
				<Process ToolSource="C:\Program Files\ArcGIS\Desktop10.0\ArcToolbox\Toolboxes\Data Management Tools.tbx\CalculateField" Date="20111116" Time="162119">CalculateField "2010 Deer Harvest" ANTLSQMILE "[SQMILENONW] / [TOTALANTL]" VB #</Process>
				<Process ToolSource="c:\program files (x86)\arcgis\desktop10.0\ArcToolbox\Toolboxes\Data Management Tools.tbx\DeleteField" Date="20120314" Time="155546">DeleteField 2011_Deerharv ANTL_F_REG;ANTL_A_REG;ANTL_M_REG;ANTL_FI_IH;ANTL_AR_IH;ANTL_MU_IH;ANTL_LF;ANTL_LA;ANTL_LM;ANTL_FI_AS;ANTL_AR_AS;ANTL_MU_AS;ANTL_FI_Y;ANTL_AR_Y;ANTL_MU_Y;ANTL_EARLY;AM_FI_REG;AF_FI_REG;FM_FI_REG;FF_FI_REG;AM_AR_REG;AF_AR_REG;FM_AR_REG;FF_AR_REG;AM_MU_REG;AF_MU_REG;FM_MU_REG;FF_MU_REG;AM_FI_MUL;AM_FI_IHP;AF_FI_IHP;FM_FI_IHP;FF_FI_IHP;AM_AR_IHP;AF_AR_IHP;FM_AR_IHP;FF_AR_IHP;AM_MU_IHP;AF_MU_IHP;FM_MU_IHP;FF_MU_IHP;AM_LF;AF_LF;FM_LF;FF_LF;AM_LA;AF_LA;FM_LA;FF_LA;AM_LM;AF_LM;FM_LM;FF_LM;AM_AS_F;AF_AS_F;FM_AS_F;FF_AS_F;AM_AS_A;AF_AS_A;FM_AS_A;FF_AS_A;AM_AS_M;AF_AS_M;FM_AS_M;FF_AS_M;AM_YF;AF_YF;FM_YF;FF_YF;AM_YA;AF_YA;FM_YA;FF_YA;AM_YM;AF_YM;FM_YM;FF_YM;AF_EARLY;FM_EARLY;FF_EARLY;BUCKGUN;ANTLGUN;BUCKBOW;ANTLBOW;BUCKMUZ;ANTLMUZ;ANTL_F_R_1;ANTL_A_R_1;ANTL_M_R_1;ANTL_FI__1;ANTL_AR__1;ANTL_MU__1;ANTL_LF_1;ANTL_LA_1;ANTL_LM_1;ANTL_FI__2;ANTL_AR__2;ANTL_MU__2;ANTL_FI__3;ANTL_AR__3;ANTL_MU__3;ANTL_EAR_1;AM_FI_DIS;FM_FI_DIS;AF_FI_DIS;FF_FI_DIS;AM_AR_DIS;FM_AR_DIS;AF_AR_DIS;FF_AR_DIS;AM_MU_DIS;FM_MU_DIS;AF_MU_DIS;FF_MU_DIS;ANTL_FI_DI;ANTL_AR_DI;ANTL_MU_DI</Process>
				<Process ToolSource="C:\Program Files (x86)\ArcGIS\Desktop10.0\ArcToolbox\Toolboxes\Data Management Tools.tbx\CalculateField" Date="20120314" Time="161523">CalculateField 2011_Deerharv TOTALHARV "[TOTALBUCK] + [TOTALANTL]" VB #</Process>
				<Process ToolSource="C:\Program Files (x86)\ArcGIS\Desktop10.0\ArcToolbox\Toolboxes\Data Management Tools.tbx\CalculateField" Date="20120314" Time="161639">CalculateField 2011_Deerharv BUCKSQMILE "[SQMILENONW] / [TOTALBUCK]" VB #</Process>
				<Process ToolSource="C:\Program Files (x86)\ArcGIS\Desktop10.0\ArcToolbox\Toolboxes\Data Management Tools.tbx\CalculateField" Date="20120314" Time="161911">CalculateField 2011_Deerharv BUCKSQMILE " [TOTALBUCK] / [SQMILENONW]" VB #</Process>
				<Process ToolSource="C:\Program Files (x86)\ArcGIS\Desktop10.0\ArcToolbox\Toolboxes\Data Management Tools.tbx\CalculateField" Date="20120314" Time="161930">CalculateField 2011_Deerharv ANTLSQMILE "[TOTALANTL] / [SQMILENONW]" VB #</Process>
				<Process ToolSource="C:\Program Files (x86)\ArcGIS\Desktop10.0\ArcToolbox\Toolboxes\Data Management Tools.tbx\CalculateField" Date="20120314" Time="162000">CalculateField 2011_Deerharv TOTALSQMIL "[TOTALHARV] / [SQMILENONW]" VB #</Process>
				<Process ToolSource="C:\Program Files (x86)\ArcGIS\Desktop10.0\ArcToolbox\Toolboxes\Conversion Tools.tbx\FeatureClassToFeatureClass" Date="20120319" Time="163223">FeatureClassToFeatureClass nra_dhrv11py3 V:\gdrs\data\pub\us_mn_state_dnr\env_mn_deer_harvest\env_mn_deer_harvest.gdb deer_harvest_2011 # "ZONE_ "ZONE_" true true false 4 Short 0 4 ,First,#,U:\core\wld\gisdata\state\mn\nra_dhrv11py3.shp,ZONE_,-1,-1;TOTPASQMI "TOTPASQMI" true true false 19 Double 11 18 ,First,#,U:\core\wld\gisdata\state\mn\nra_dhrv11py3.shp,TOTPASQMI,-1,-1;AREA "AREA" true true false 19 Double 11 18 ,First,#,U:\core\wld\gisdata\state\mn\nra_dhrv11py3.shp,AREA,-1,-1;ACRES "ACRES" true true false 19 Double 11 18 ,First,#,U:\core\wld\gisdata\state\mn\nra_dhrv11py3.shp,ACRES,-1,-1;PERIMETER "PERIMETER" true true false 19 Double 11 18 ,First,#,U:\core\wld\gisdata\state\mn\nra_dhrv11py3.shp,PERIMETER,-1,-1;SQMILEWA_1 "SQMILEWA_1" true true false 19 Double 11 18 ,First,#,U:\core\wld\gisdata\state\mn\nra_dhrv11py3.shp,SQMILEWA_1,-1,-1;SQMILENONW "SQMILENONW" true true false 19 Double 11 18 ,First,#,U:\core\wld\gisdata\state\mn\nra_dhrv11py3.shp,SQMILENONW,-1,-1;KILLBLOCK "KILLBLOCK" true true false 4 Short 0 4 ,First,#,U:\core\wld\gisdata\state\mn\nra_dhrv11py3.shp,KILLBLOCK,-1,-1;TOTALBUCK "TOTALBUCK" true true false 6 Long 0 6 ,First,#,U:\core\wld\gisdata\state\mn\nra_dhrv11py3.shp,TOTALBUCK,-1,-1;TOTALANTL "TOTALANTL" true true false 6 Long 0 6 ,First,#,U:\core\wld\gisdata\state\mn\nra_dhrv11py3.shp,TOTALANTL,-1,-1;TOTALHARV "TOTALHARV" true true false 6 Long 0 6 ,First,#,U:\core\wld\gisdata\state\mn\nra_dhrv11py3.shp,TOTALHARV,-1,-1;BUCKSQMILE "BUCKSQMILE" true true false 8 Float 5 7 ,First,#,U:\core\wld\gisdata\state\mn\nra_dhrv11py3.shp,BUCKSQMILE,-1,-1;ANTLSQMILE "ANTLSQMILE" true true false 8 Float 5 7 ,First,#,U:\core\wld\gisdata\state\mn\nra_dhrv11py3.shp,ANTLSQMILE,-1,-1;TOTALSQMIL "TOTALSQMIL" true true false 8 Float 5 7 ,First,#,U:\core\wld\gisdata\state\mn\nra_dhrv11py3.shp,TOTALSQMIL,-1,-1" #</Process>
				<Process ToolSource="C:\program files\arcgis\server\ArcToolbox\Toolboxes\Conversion Tools.tbx\FeatureClassToFeatureClass" Date="20200411" Time="003225">FeatureClassToFeatureClass /var/ftp/gdrs_temp/update\us_mn_state_dnr\env_mn_deer_harvest\fgdb\env_mn_deer_harvest.gdb\deer_harvest_2011 /var/ftp/gdrs_temp/update\us_mn_state_dnr\env_mn_deer_harvest\shp deer_harvest_2011.shp # "ZONE_ "ZONE_" true true false 2 Short 0 0 ,First,#,/var/ftp/gdrs_temp/update\us_mn_state_dnr\env_mn_deer_harvest\fgdb\env_mn_deer_harvest.gdb\deer_harvest_2011,ZONE_,-1,-1;TOTPASQMI "TOTPASQMI" true true false 8 Double 0 0 ,First,#,/var/ftp/gdrs_temp/update\us_mn_state_dnr\env_mn_deer_harvest\fgdb\env_mn_deer_harvest.gdb\deer_harvest_2011,TOTPASQMI,-1,-1;ACRES "ACRES" true true false 8 Double 0 0 ,First,#,/var/ftp/gdrs_temp/update\us_mn_state_dnr\env_mn_deer_harvest\fgdb\env_mn_deer_harvest.gdb\deer_harvest_2011,ACRES,-1,-1;SQMILEWA_1 "SQMILEWA_1" true true false 8 Double 0 0 ,First,#,/var/ftp/gdrs_temp/update\us_mn_state_dnr\env_mn_deer_harvest\fgdb\env_mn_deer_harvest.gdb\deer_harvest_2011,SQMILEWA_1,-1,-1;SQMILENONW "SQMILENONW" true true false 8 Double 0 0 ,First,#,/var/ftp/gdrs_temp/update\us_mn_state_dnr\env_mn_deer_harvest\fgdb\env_mn_deer_harvest.gdb\deer_harvest_2011,SQMILENONW,-1,-1;KILLBLOCK "KILLBLOCK" true true false 2 Short 0 0 ,First,#,/var/ftp/gdrs_temp/update\us_mn_state_dnr\env_mn_deer_harvest\fgdb\env_mn_deer_harvest.gdb\deer_harvest_2011,KILLBLOCK,-1,-1;TOTALBUCK "TOTALBUCK" true true false 4 Long 0 0 ,First,#,/var/ftp/gdrs_temp/update\us_mn_state_dnr\env_mn_deer_harvest\fgdb\env_mn_deer_harvest.gdb\deer_harvest_2011,TOTALBUCK,-1,-1;TOTALANTL "TOTALANTL" true true false 4 Long 0 0 ,First,#,/var/ftp/gdrs_temp/update\us_mn_state_dnr\env_mn_deer_harvest\fgdb\env_mn_deer_harvest.gdb\deer_harvest_2011,TOTALANTL,-1,-1;TOTALHARV "TOTALHARV" true true false 4 Long 0 0 ,First,#,/var/ftp/gdrs_temp/update\us_mn_state_dnr\env_mn_deer_harvest\fgdb\env_mn_deer_harvest.gdb\deer_harvest_2011,TOTALHARV,-1,-1;BUCKSQMILE "BUCKSQMILE" true true false 4 Float 0 0 ,First,#,/var/ftp/gdrs_temp/update\us_mn_state_dnr\env_mn_deer_harvest\fgdb\env_mn_deer_harvest.gdb\deer_harvest_2011,BUCKSQMILE,-1,-1;ANTLSQMILE "ANTLSQMILE" true true false 4 Float 0 0 ,First,#,/var/ftp/gdrs_temp/update\us_mn_state_dnr\env_mn_deer_harvest\fgdb\env_mn_deer_harvest.gdb\deer_harvest_2011,ANTLSQMILE,-1,-1;TOTALSQMIL "TOTALSQMIL" true true false 4 Float 0 0 ,First,#,/var/ftp/gdrs_temp/update\us_mn_state_dnr\env_mn_deer_harvest\fgdb\env_mn_deer_harvest.gdb\deer_harvest_2011,TOTALSQMIL,-1,-1;Shape_Leng "Shape_Length" false true true 8 Double 0 0 ,First,#,/var/ftp/gdrs_temp/update\us_mn_state_dnr\env_mn_deer_harvest\fgdb\env_mn_deer_harvest.gdb\deer_harvest_2011,Shape_Length,-1,-1;Shape_Area "Shape_Area" false true true 8 Double 0 0 ,First,#,/var/ftp/gdrs_temp/update\us_mn_state_dnr\env_mn_deer_harvest\fgdb\env_mn_deer_harvest.gdb\deer_harvest_2011,Shape_Area,-1,-1" #</Process>
			</lineage>
			<itemProps>
				<itemName Sync="TRUE">deer_harvest_2011</itemName>
				<imsContentType Sync="TRUE">002</imsContentType>
				<itemLocation>
					<linkage Sync="TRUE">file://\\g46palgdrftp001\Z\var\ftp\gdrs_temp\update\us_mn_state_dnr\env_mn_deer_harvest\shp\deer_harvest_2011.shp</linkage>
					<protocol Sync="TRUE">Local Area Network</protocol>
				</itemLocation>
				<itemSize Sync="TRUE">0.000</itemSize>
			</itemProps>
			<coordRef>
				<type Sync="TRUE">Projected</type>
				<geogcsn Sync="TRUE">GCS_North_American_1983</geogcsn>
				<csUnits Sync="TRUE">Linear Unit: Meter (1.000000)</csUnits>
				<projcsn Sync="TRUE">NAD_1983_UTM_Zone_15N</projcsn>
				<peXml Sync="TRUE">&lt;ProjectedCoordinateSystem xsi:type='typens:ProjectedCoordinateSystem' xmlns:xsi='http://www.w3.org/2001/XMLSchema-instance' xmlns:xs='http://www.w3.org/2001/XMLSchema' xmlns:typens='http://www.esri.com/schemas/ArcGIS/10.4'&gt;&lt;WKT&gt;PROJCS[&amp;quot;NAD_1983_UTM_Zone_15N&amp;quot;,GEOGCS[&amp;quot;GCS_North_American_1983&amp;quot;,DATUM[&amp;quot;D_North_American_1983&amp;quot;,SPHEROID[&amp;quot;GRS_1980&amp;quot;,6378137.0,298.257222101]],PRIMEM[&amp;quot;Greenwich&amp;quot;,0.0],UNIT[&amp;quot;Degree&amp;quot;,0.0174532925199433]],PROJECTION[&amp;quot;Transverse_Mercator&amp;quot;],PARAMETER[&amp;quot;False_Easting&amp;quot;,500000.0],PARAMETER[&amp;quot;False_Northing&amp;quot;,0.0],PARAMETER[&amp;quot;Central_Meridian&amp;quot;,-93.0],PARAMETER[&amp;quot;Scale_Factor&amp;quot;,0.9996],PARAMETER[&amp;quot;Latitude_Of_Origin&amp;quot;,0.0],UNIT[&amp;quot;Meter&amp;quot;,1.0],AUTHORITY[&amp;quot;EPSG&amp;quot;,26915]]&lt;/WKT&gt;&lt;XOrigin&gt;-5120900&lt;/XOrigin&gt;&lt;YOrigin&gt;-9998100&lt;/YOrigin&gt;&lt;XYScale&gt;450445547.3910538&lt;/XYScale&gt;&lt;ZOrigin&gt;-100000&lt;/ZOrigin&gt;&lt;ZScale&gt;10000&lt;/ZScale&gt;&lt;MOrigin&gt;-100000&lt;/MOrigin&gt;&lt;MScale&gt;10000&lt;/MScale&gt;&lt;XYTolerance&gt;0.001&lt;/XYTolerance&gt;&lt;ZTolerance&gt;0.001&lt;/ZTolerance&gt;&lt;MTolerance&gt;0.001&lt;/MTolerance&gt;&lt;HighPrecision&gt;true&lt;/HighPrecision&gt;&lt;WKID&gt;26915&lt;/WKID&gt;&lt;LatestWKID&gt;26915&lt;/LatestWKID&gt;&lt;/ProjectedCoordinateSystem&gt;</peXml>
			</coordRef>
		</DataProperties>
		<ArcGISFormat>1.0</ArcGISFormat>
		<SyncDate>20200411</SyncDate>
		<SyncTime>00322500</SyncTime>
		<ModDate>20200411</ModDate>
		<ModTime>00322500</ModTime>
	</Esri>
	<dataIdInfo>
		<envirDesc Sync="TRUE">Microsoft Windows XP Professional x64 Edition Version 5.2 (Build 3790) Service Pack 2; Esri ArcGIS 10.4.1.5686</envirDesc>
		<dataLang>
			<languageCode value="en" Sync="TRUE"/>
			<countryCode value="US" Sync="TRUE"/>
		</dataLang>
		<idCitation>
			<resTitle Sync="TRUE">deer_harvest_2011</resTitle>
			<presForm>
				<PresFormCd value="005" Sync="TRUE"/>
			</presForm>
		</idCitation>
		<spatRpType>
			<SpatRepTypCd value="001" Sync="TRUE"/>
		</spatRpType>
	</dataIdInfo>
	<mdLang>
		<languageCode value="en" Sync="TRUE"/>
		<countryCode value="US" Sync="TRUE"/>
	</mdLang>
	<distInfo>
		<distFormat>
			<formatName Sync="TRUE">Shapefile</formatName>
		</distFormat>
		<distTranOps>
			<transSize Sync="TRUE">0.000</transSize>
		</distTranOps>
	</distInfo>
	<mdHrLv>
		<ScopeCd value="005" Sync="TRUE"/>
	</mdHrLv>
	<mdHrLvName Sync="TRUE">dataset</mdHrLvName>
	<refSysInfo>
		<RefSystem>
			<refSysID>
				<identCode code="26915" Sync="TRUE"/>
				<idCodeSpace Sync="TRUE">EPSG</idCodeSpace>
				<idVersion Sync="TRUE">6.13(3.0.1)</idVersion>
			</refSysID>
		</RefSystem>
	</refSysInfo>
	<spatRepInfo>
		<VectSpatRep>
			<geometObjs Name="deer_harvest_2011">
				<geoObjTyp>
					<GeoObjTypCd value="002" Sync="TRUE"/>
				</geoObjTyp>
				<geoObjCnt Sync="TRUE">0</geoObjCnt>
			</geometObjs>
			<topLvl>
				<TopoLevCd value="001" Sync="TRUE"/>
			</topLvl>
		</VectSpatRep>
	</spatRepInfo>
	<spdoinfo>
		<ptvctinf>
			<esriterm Name="deer_harvest_2011">
				<efeatyp Sync="TRUE">Simple</efeatyp>
				<efeageom code="4" Sync="TRUE"/>
				<esritopo Sync="TRUE">FALSE</esritopo>
				<efeacnt Sync="TRUE">0</efeacnt>
				<spindex Sync="TRUE">FALSE</spindex>
				<linrefer Sync="TRUE">FALSE</linrefer>
			</esriterm>
		</ptvctinf>
	</spdoinfo>
	<eainfo>
		<detailed Name="deer_harvest_2011">
			<enttyp>
				<enttypl Sync="TRUE">deer_harvest_2011</enttypl>
				<enttypt Sync="TRUE">Feature Class</enttypt>
				<enttypc Sync="TRUE">0</enttypc>
			</enttyp>
			<attr>
				<attrlabl Sync="TRUE">FID</attrlabl>
				<attalias Sync="TRUE">FID</attalias>
				<attrtype Sync="TRUE">OID</attrtype>
				<attwidth Sync="TRUE">4</attwidth>
				<atprecis Sync="TRUE">0</atprecis>
				<attscale Sync="TRUE">0</attscale>
				<attrdef Sync="TRUE">Internal feature number.</attrdef>
				<attrdefs Sync="TRUE">Esri</attrdefs>
				<attrdomv>
					<udom Sync="TRUE">Sequential unique whole numbers that are automatically generated.</udom>
				</attrdomv>
			</attr>
			<attr>
				<attrlabl Sync="TRUE">Shape</attrlabl>
				<attalias Sync="TRUE">Shape</attalias>
				<attrtype Sync="TRUE">Geometry</attrtype>
				<attwidth Sync="TRUE">0</attwidth>
				<atprecis Sync="TRUE">0</atprecis>
				<attscale Sync="TRUE">0</attscale>
				<attrdef Sync="TRUE">Feature geometry.</attrdef>
				<attrdefs Sync="TRUE">ESRI</attrdefs>
				<attrdomv>
					<udom Sync="TRUE">Coordinates defining the features.</udom>
				</attrdomv>
			</attr>
			<attr>
				<attrlabl Sync="TRUE">ZONE_</attrlabl>
				<attalias Sync="TRUE">ZONE_</attalias>
				<attrtype Sync="TRUE">Integer</attrtype>
				<attwidth Sync="TRUE">5</attwidth>
				<atprecis Sync="TRUE">5</atprecis>
				<attscale Sync="TRUE">0</attscale>
			</attr>
			<attr>
				<attrlabl Sync="TRUE">TOTPASQMI</attrlabl>
				<attalias Sync="TRUE">TOTPASQMI</attalias>
				<attrtype Sync="TRUE">Double</attrtype>
				<attwidth Sync="TRUE">19</attwidth>
				<atprecis Sync="TRUE">0</atprecis>
				<attscale Sync="TRUE">0</attscale>
			</attr>
			<attr>
				<attrlabl Sync="TRUE">ACRES</attrlabl>
				<attalias Sync="TRUE">ACRES</attalias>
				<attrtype Sync="TRUE">Double</attrtype>
				<attwidth Sync="TRUE">19</attwidth>
				<atprecis Sync="TRUE">0</atprecis>
				<attscale Sync="TRUE">0</attscale>
			</attr>
			<attr>
				<attrlabl Sync="TRUE">SQMILEWA_1</attrlabl>
				<attalias Sync="TRUE">SQMILEWA_1</attalias>
				<attrtype Sync="TRUE">Double</attrtype>
				<attwidth Sync="TRUE">19</attwidth>
				<atprecis Sync="TRUE">0</atprecis>
				<attscale Sync="TRUE">0</attscale>
			</attr>
			<attr>
				<attrlabl Sync="TRUE">SQMILENONW</attrlabl>
				<attalias Sync="TRUE">SQMILENONW</attalias>
				<attrtype Sync="TRUE">Double</attrtype>
				<attwidth Sync="TRUE">19</attwidth>
				<atprecis Sync="TRUE">0</atprecis>
				<attscale Sync="TRUE">0</attscale>
			</attr>
			<attr>
				<attrlabl Sync="TRUE">KILLBLOCK</attrlabl>
				<attalias Sync="TRUE">KILLBLOCK</attalias>
				<attrtype Sync="TRUE">Integer</attrtype>
				<attwidth Sync="TRUE">5</attwidth>
				<atprecis Sync="TRUE">5</atprecis>
				<attscale Sync="TRUE">0</attscale>
			</attr>
			<attr>
				<attrlabl Sync="TRUE">TOTALBUCK</attrlabl>
				<attalias Sync="TRUE">TOTALBUCK</attalias>
				<attrtype Sync="TRUE">Integer</attrtype>
				<attwidth Sync="TRUE">10</attwidth>
				<atprecis Sync="TRUE">10</atprecis>
				<attscale Sync="TRUE">0</attscale>
			</attr>
			<attr>
				<attrlabl Sync="TRUE">TOTALANTL</attrlabl>
				<attalias Sync="TRUE">TOTALANTL</attalias>
				<attrtype Sync="TRUE">Integer</attrtype>
				<attwidth Sync="TRUE">10</attwidth>
				<atprecis Sync="TRUE">10</atprecis>
				<attscale Sync="TRUE">0</attscale>
			</attr>
			<attr>
				<attrlabl Sync="TRUE">TOTALHARV</attrlabl>
				<attalias Sync="TRUE">TOTALHARV</attalias>
				<attrtype Sync="TRUE">Integer</attrtype>
				<attwidth Sync="TRUE">10</attwidth>
				<atprecis Sync="TRUE">10</atprecis>
				<attscale Sync="TRUE">0</attscale>
			</attr>
			<attr>
				<attrlabl Sync="TRUE">BUCKSQMILE</attrlabl>
				<attalias Sync="TRUE">BUCKSQMILE</attalias>
				<attrtype Sync="TRUE">Single</attrtype>
				<attwidth Sync="TRUE">13</attwidth>
				<atprecis Sync="TRUE">0</atprecis>
				<attscale Sync="TRUE">0</attscale>
			</attr>
			<attr>
				<attrlabl Sync="TRUE">ANTLSQMILE</attrlabl>
				<attalias Sync="TRUE">ANTLSQMILE</attalias>
				<attrtype Sync="TRUE">Single</attrtype>
				<attwidth Sync="TRUE">13</attwidth>
				<atprecis Sync="TRUE">0</atprecis>
				<attscale Sync="TRUE">0</attscale>
			</attr>
			<attr>
				<attrlabl Sync="TRUE">TOTALSQMIL</attrlabl>
				<attalias Sync="TRUE">TOTALSQMIL</attalias>
				<attrtype Sync="TRUE">Single</attrtype>
				<attwidth Sync="TRUE">13</attwidth>
				<atprecis Sync="TRUE">0</atprecis>
				<attscale Sync="TRUE">0</attscale>
			</attr>
			<attr>
				<attrlabl Sync="TRUE">Shape_Leng</attrlabl>
				<attalias Sync="TRUE">Shape_Leng</attalias>
				<attrtype Sync="TRUE">Double</attrtype>
				<attwidth Sync="TRUE">19</attwidth>
				<atprecis Sync="TRUE">0</atprecis>
				<attscale Sync="TRUE">0</attscale>
			</attr>
			<attr>
				<attrlabl Sync="TRUE">Shape_Area</attrlabl>
				<attalias Sync="TRUE">Shape_Area</attalias>
				<attrtype Sync="TRUE">Double</attrtype>
				<attwidth Sync="TRUE">19</attwidth>
				<atprecis Sync="TRUE">0</atprecis>
				<attscale Sync="TRUE">0</attscale>
				<attrdef Sync="TRUE">Area of feature in internal units squared.</attrdef>
				<attrdefs Sync="TRUE">ESRI</attrdefs>
				<attrdomv>
					<udom Sync="TRUE">Positive real numbers that are automatically generated.</udom>
				</attrdomv>
			</attr>
		</detailed>
	</eainfo>
	<mdDateSt Sync="TRUE">20200411</mdDateSt>
</metadata>
