<metadata xml:lang="en">
	<Esri>
		<CreaDate>20150629</CreaDate>
		<CreaTime>11372200</CreaTime>
		<ArcGISFormat>1.0</ArcGISFormat>
		<SyncOnce>FALSE</SyncOnce>
		<DataProperties>
			<lineage>
				<Process ToolSource="c:\program files (x86)\arcgis\desktop10.2\ArcToolbox\Toolboxes\Data Management Tools.tbx\CalculateField" Date="20140527" Time="141102">CalculateField Export_Output TOTALBUCK [Adult_Male] VB #</Process>
				<Process ToolSource="c:\program files (x86)\arcgis\desktop10.2\ArcToolbox\Toolboxes\Data Management Tools.tbx\CalculateField" Date="20140527" Time="141125">CalculateField Export_Output TOTALANTL [Adult_Fema] VB #</Process>
				<Process ToolSource="c:\program files (x86)\arcgis\desktop10.2\ArcToolbox\Toolboxes\Data Management Tools.tbx\CalculateField" Date="20140527" Time="141209">CalculateField Export_Output TOTALANTL "[TOTALANTL] &amp; [Fawn_Male] &amp; [Fawn_Femal]" VB #</Process>
				<Process ToolSource="c:\program files (x86)\arcgis\desktop10.2\ArcToolbox\Toolboxes\Data Management Tools.tbx\CalculateField" Date="20140527" Time="141245">CalculateField Export_Output TOTALANTL "[Adult_Fema] + [Fawn_Male] + [Fawn_Femal]" VB #</Process>
				<Process ToolSource="c:\program files (x86)\arcgis\desktop10.2\ArcToolbox\Toolboxes\Data Management Tools.tbx\CalculateField" Date="20140527" Time="141312">CalculateField Export_Output TOTALHARV "[TOTALBUCK] + [TOTALANTL]" VB #</Process>
				<Process ToolSource="c:\program files (x86)\arcgis\desktop10.2\ArcToolbox\Toolboxes\Data Management Tools.tbx\CalculateField" Date="20140527" Time="141437">CalculateField Export_Output BUCKSQMILE "[TOTALBUCK] / [SQMILENONW]" VB #</Process>
				<Process ToolSource="c:\program files (x86)\arcgis\desktop10.2\ArcToolbox\Toolboxes\Data Management Tools.tbx\CalculateField" Date="20140527" Time="141456">CalculateField Export_Output ANTLSQMILE "[TOTALANTL] / [SQMILENONW]" VB #</Process>
				<Process ToolSource="c:\program files (x86)\arcgis\desktop10.2\ArcToolbox\Toolboxes\Data Management Tools.tbx\CalculateField" Date="20140527" Time="141516">CalculateField Export_Output TOTALSQMIL "[BUCKSQMILE] + [ANTLSQMILE]" VB #</Process>
				<Process ToolSource="c:\program files (x86)\arcgis\desktop10.2\ArcToolbox\Toolboxes\Data Management Tools.tbx\CalculateField" Date="20140527" Time="141609">CalculateField Export_Output Total "[Adult_Male] + [Adult_Fema] + [Fawn_Male] + [Fawn_Femal]" VB #</Process>
				<Process ToolSource="c:\program files (x86)\arcgis\desktop10.2\ArcToolbox\Toolboxes\Data Management Tools.tbx\CalculateField" Date="20140527" Time="141917">CalculateField Export_Output FAWNSQMILE "[Fawn_Male] + [Fawn_Femal] / [SQMILENONW]" VB #</Process>
				<Process ToolSource="c:\program files (x86)\arcgis\desktop10.2\ArcToolbox\Toolboxes\Data Management Tools.tbx\CalculateField" Date="20140527" Time="141943">CalculateField Export_Output FAWNSQMILE "[Fawn_Male] + [Fawn_Femal]" VB #</Process>
				<Process ToolSource="c:\program files (x86)\arcgis\desktop10.2\ArcToolbox\Toolboxes\Data Management Tools.tbx\CalculateField" Date="20140527" Time="142017">CalculateField Export_Output FAWNSQMILE "[FAWNSQMILE] / [SQMILENONW]" VB #</Process>
				<Process ToolSource="c:\program files (x86)\arcgis\desktop10.2\ArcToolbox\Toolboxes\Data Management Tools.tbx\CalculateField" Date="20140527" Time="142110">CalculateField Export_Output TOTALANTL [Adult_Fema] VB #</Process>
				<Process ToolSource="c:\program files (x86)\arcgis\desktop10.2\ArcToolbox\Toolboxes\Data Management Tools.tbx\CalculateField" Date="20140527" Time="142157">CalculateField Export_Output TOTALFAWN "[Fawn_Male] + [Fawn_Femal]" VB #</Process>
				<Process ToolSource="c:\program files (x86)\arcgis\desktop10.2\ArcToolbox\Toolboxes\Data Management Tools.tbx\CalculateField" Date="20140527" Time="145852">CalculateField "Antlerless Deer Taken per Square Mile" TOTALANTL "[TOTALANTL] + [TOTALFAWN]" VB #</Process>
				<Process ToolSource="c:\program files (x86)\arcgis\desktop10.2\ArcToolbox\Toolboxes\Data Management Tools.tbx\CalculateField" Date="20140527" Time="145915">CalculateField "Antlerless Deer Taken per Square Mile" ANTLSQMILE "[TOTALANTL] / [SQMILENONW]" VB #</Process>
				<Process ToolSource="c:\program files (x86)\arcgis\desktop10.2\ArcToolbox\Toolboxes\Data Management Tools.tbx\CalculateField" Date="20140527" Time="150441">CalculateField "Antlerless Deer Taken per Square Mile" ANTLSQMILE "[TOTALANTL] / [SQMILENONW]" VB #</Process>
				<Process ToolSource="c:\program files (x86)\arcgis\desktop10.2\ArcToolbox\Toolboxes\Data Management Tools.tbx\CalculateField" Date="20150427" Time="083432">CalculateField nra_dhrv14py3 BUCKSQMILE "[TOTALBUCK] / [SQMILENONW]" VB #</Process>
				<Process ToolSource="c:\program files (x86)\arcgis\desktop10.2\ArcToolbox\Toolboxes\Data Management Tools.tbx\CalculateField" Date="20150427" Time="083552">CalculateField nra_dhrv14py3 ANTLSQMILE "[TOTALANTL] / [SQMILENONW]" VB #</Process>
				<Process ToolSource="c:\program files (x86)\arcgis\desktop10.2\ArcToolbox\Toolboxes\Data Management Tools.tbx\CalculateField" Date="20150427" Time="083908">CalculateField nra_dhrv14py3 TOTALSQMIL "[BUCKSQMILE] + [ANTLSQMILE]" VB #</Process>
				<Process ToolSource="c:\program files (x86)\arcgis\desktop10.2\ArcToolbox\Toolboxes\Data Management Tools.tbx\CalculateField" Date="20150427" Time="090345">CalculateField "Total Deer Taken per Square Mile" SQMILENONW "[TOTPASQMI] - [SQMILEWA_1]" VB #</Process>
				<Process ToolSource="c:\program files (x86)\arcgis\desktop10.2\ArcToolbox\Toolboxes\Data Management Tools.tbx\CalculateField" Date="20150427" Time="090413">CalculateField "Total Deer Taken per Square Mile" BUCKSQMILE "[TOTALBUCK] / [SQMILENONW]" VB #</Process>
				<Process ToolSource="c:\program files (x86)\arcgis\desktop10.2\ArcToolbox\Toolboxes\Data Management Tools.tbx\CalculateField" Date="20150427" Time="090437">CalculateField "Total Deer Taken per Square Mile" ANTLSQMILE "[TOTALANTL] / [SQMILENONW]" VB #</Process>
				<Process ToolSource="c:\program files (x86)\arcgis\desktop10.2\ArcToolbox\Toolboxes\Data Management Tools.tbx\CalculateField" Date="20150427" Time="090458">CalculateField "Total Deer Taken per Square Mile" TOTALSQMIL "[TOTALHARV] / [SQMILENONW]" VB #</Process>
				<Process ToolSource="c:\program files (x86)\arcgis\desktop10.2\ArcToolbox\Toolboxes\Data Management Tools.tbx\CalculateField" Date="20150427" Time="112405">CalculateField "Total Deer Taken per Square Mile" BUCKSQMILE "[TOTALBUCK] / [SQMILENONW]" VB #</Process>
				<Process ToolSource="c:\program files (x86)\arcgis\desktop10.2\ArcToolbox\Toolboxes\Data Management Tools.tbx\CalculateField" Date="20150427" Time="112516">CalculateField "Total Deer Taken per Square Mile" ANTLSQMILE "[TOTALANTL] / [SQMILENONW]" VB #</Process>
				<Process ToolSource="c:\program files (x86)\arcgis\desktop10.2\ArcToolbox\Toolboxes\Data Management Tools.tbx\CalculateField" Date="20150427" Time="112654">CalculateField "Total Deer Taken per Square Mile" TOTALSQMIL "[TOTALANTL] / [SQMILENONW]" VB #</Process>
				<Process ToolSource="c:\program files (x86)\arcgis\desktop10.2\ArcToolbox\Toolboxes\Data Management Tools.tbx\CalculateField" Date="20150427" Time="112811">CalculateField "Total Deer Taken per Square Mile" TOTALSQMIL "[BUCKSQMILE] + [ANTLSQMILE]" VB #</Process>
				<Process ToolSource="c:\program files (x86)\arcgis\desktop10.2\ArcToolbox\Toolboxes\Data Management Tools.tbx\CalculateField" Date="20150629" Time="111812">CalculateField nra_dhrv14py3 SQMILENONW "[TOTPASQMI] - [SQMILEWA_1]" VB #</Process>
				<Process ToolSource="c:\program files (x86)\arcgis\desktop10.2\ArcToolbox\Toolboxes\Data Management Tools.tbx\CalculateField" Date="20150629" Time="111833">CalculateField nra_dhrv14py3 BUCKSQMILE "[SQMILENONW] / [TOTALBUCK]" VB #</Process>
				<Process ToolSource="c:\program files (x86)\arcgis\desktop10.2\ArcToolbox\Toolboxes\Data Management Tools.tbx\CalculateField" Date="20150629" Time="111910">CalculateField nra_dhrv14py3 BUCKSQMILE "[SQMILENONW] / [TOTALBUCK] *100" VB #</Process>
				<Process ToolSource="c:\program files (x86)\arcgis\desktop10.2\ArcToolbox\Toolboxes\Data Management Tools.tbx\CalculateField" Date="20150629" Time="111930">CalculateField nra_dhrv14py3 BUCKSQMILE "[SQMILENONW] / [TOTALBUCK]" VB #</Process>
				<Process ToolSource="c:\program files (x86)\arcgis\desktop10.2\ArcToolbox\Toolboxes\Data Management Tools.tbx\CalculateField" Date="20150629" Time="111955">CalculateField nra_dhrv14py3 ANTLSQMILE "[SQMILENONW] / [TOTALANTL]" VB #</Process>
				<Process ToolSource="c:\program files (x86)\arcgis\desktop10.2\ArcToolbox\Toolboxes\Data Management Tools.tbx\CalculateField" Date="20150629" Time="112547">CalculateField nra_dhrv14py3 BUCKSQMILE "[TOTALBUCK] / [SQMILENONW]" VB #</Process>
				<Process ToolSource="c:\program files (x86)\arcgis\desktop10.2\ArcToolbox\Toolboxes\Data Management Tools.tbx\CalculateField" Date="20150629" Time="112612">CalculateField nra_dhrv14py3 ANTLSQMILE "[TOTALANTL] / [SQMILENONW]" VB #</Process>
				<Process ToolSource="c:\program files (x86)\arcgis\desktop10.2\ArcToolbox\Toolboxes\Data Management Tools.tbx\CalculateField" Date="20150629" Time="112631">CalculateField nra_dhrv14py3 TOTALSQMIL "[TOTALHARV] / [SQMILENONW]" VB #</Process>
				<Process ToolSource="c:\program files (x86)\arcgis\desktop10.2\ArcToolbox\Toolboxes\Data Management Tools.tbx\CalculateField" Date="20150629" Time="112710">CalculateField nra_dhrv14py3 SQMILENONW "[TOTPASQMI] - [SQMILEWA_1]" VB #</Process>
				<Process ToolSource="C:\program files\arcgis\server\ArcToolbox\Toolboxes\Conversion Tools.tbx\FeatureClassToFeatureClass" Date="20200411" Time="003227">FeatureClassToFeatureClass /var/ftp/gdrs_temp/update\us_mn_state_dnr\env_mn_deer_harvest\fgdb\env_mn_deer_harvest.gdb\deer_harvest_2014 /var/ftp/gdrs_temp/update\us_mn_state_dnr\env_mn_deer_harvest\shp deer_harvest_2014.shp # "ZONE_ "ZONE_" true true false 2 Short 0 0 ,First,#,/var/ftp/gdrs_temp/update\us_mn_state_dnr\env_mn_deer_harvest\fgdb\env_mn_deer_harvest.gdb\deer_harvest_2014,ZONE_,-1,-1;TOTPASQMI "TOTPASQMI" true true false 8 Double 0 0 ,First,#,/var/ftp/gdrs_temp/update\us_mn_state_dnr\env_mn_deer_harvest\fgdb\env_mn_deer_harvest.gdb\deer_harvest_2014,TOTPASQMI,-1,-1;ACRES "ACRES" true true false 8 Double 0 0 ,First,#,/var/ftp/gdrs_temp/update\us_mn_state_dnr\env_mn_deer_harvest\fgdb\env_mn_deer_harvest.gdb\deer_harvest_2014,ACRES,-1,-1;SQMILEWA_1 "SQMILEWA_1" true true false 8 Double 0 0 ,First,#,/var/ftp/gdrs_temp/update\us_mn_state_dnr\env_mn_deer_harvest\fgdb\env_mn_deer_harvest.gdb\deer_harvest_2014,SQMILEWA_1,-1,-1;SQMILENONW "SQMILENONW" true true false 8 Double 0 0 ,First,#,/var/ftp/gdrs_temp/update\us_mn_state_dnr\env_mn_deer_harvest\fgdb\env_mn_deer_harvest.gdb\deer_harvest_2014,SQMILENONW,-1,-1;KILLBLOCK "KILLBLOCK" true true false 2 Short 0 0 ,First,#,/var/ftp/gdrs_temp/update\us_mn_state_dnr\env_mn_deer_harvest\fgdb\env_mn_deer_harvest.gdb\deer_harvest_2014,KILLBLOCK,-1,-1;TOTALBUCK "TOTALBUCK" true true false 4 Long 0 0 ,First,#,/var/ftp/gdrs_temp/update\us_mn_state_dnr\env_mn_deer_harvest\fgdb\env_mn_deer_harvest.gdb\deer_harvest_2014,TOTALBUCK,-1,-1;TOTALANTL "TOTALANTL" true true false 4 Long 0 0 ,First,#,/var/ftp/gdrs_temp/update\us_mn_state_dnr\env_mn_deer_harvest\fgdb\env_mn_deer_harvest.gdb\deer_harvest_2014,TOTALANTL,-1,-1;TOTALHARV "TOTALHARV" true true false 4 Long 0 0 ,First,#,/var/ftp/gdrs_temp/update\us_mn_state_dnr\env_mn_deer_harvest\fgdb\env_mn_deer_harvest.gdb\deer_harvest_2014,TOTALHARV,-1,-1;BUCKSQMILE "BUCKSQMILE" true true false 4 Float 0 0 ,First,#,/var/ftp/gdrs_temp/update\us_mn_state_dnr\env_mn_deer_harvest\fgdb\env_mn_deer_harvest.gdb\deer_harvest_2014,BUCKSQMILE,-1,-1;ANTLSQMILE "ANTLSQMILE" true true false 4 Float 0 0 ,First,#,/var/ftp/gdrs_temp/update\us_mn_state_dnr\env_mn_deer_harvest\fgdb\env_mn_deer_harvest.gdb\deer_harvest_2014,ANTLSQMILE,-1,-1;TOTALSQMIL "TOTALSQMIL" true true false 4 Float 0 0 ,First,#,/var/ftp/gdrs_temp/update\us_mn_state_dnr\env_mn_deer_harvest\fgdb\env_mn_deer_harvest.gdb\deer_harvest_2014,TOTALSQMIL,-1,-1;Shape_Leng "Shape_Leng" true true false 8 Double 0 0 ,First,#,/var/ftp/gdrs_temp/update\us_mn_state_dnr\env_mn_deer_harvest\fgdb\env_mn_deer_harvest.gdb\deer_harvest_2014,Shape_Leng,-1,-1;Shape_Le_1 "Shape_Le_1" false true true 8 Double 0 0 ,First,#,/var/ftp/gdrs_temp/update\us_mn_state_dnr\env_mn_deer_harvest\fgdb\env_mn_deer_harvest.gdb\deer_harvest_2014,Shape_Length,-1,-1;Shape_Area "Shape_Area" false true true 8 Double 0 0 ,First,#,/var/ftp/gdrs_temp/update\us_mn_state_dnr\env_mn_deer_harvest\fgdb\env_mn_deer_harvest.gdb\deer_harvest_2014,Shape_Area,-1,-1" #</Process>
			</lineage>
			<itemProps>
				<itemName Sync="TRUE">deer_harvest_2014</itemName>
				<imsContentType Sync="TRUE">002</imsContentType>
				<itemLocation>
					<linkage Sync="TRUE">file://\\g46palgdrftp001\Z\var\ftp\gdrs_temp\update\us_mn_state_dnr\env_mn_deer_harvest\shp\deer_harvest_2014.shp</linkage>
					<protocol Sync="TRUE">Local Area Network</protocol>
				</itemLocation>
				<itemSize Sync="TRUE">0.000</itemSize>
			</itemProps>
			<coordRef>
				<type Sync="TRUE">Projected</type>
				<geogcsn Sync="TRUE">GCS_North_American_1983</geogcsn>
				<csUnits Sync="TRUE">Linear Unit: Meter (1.000000)</csUnits>
				<projcsn Sync="TRUE">NAD_1983_UTM_Zone_15N</projcsn>
				<peXml Sync="TRUE">&lt;ProjectedCoordinateSystem xsi:type='typens:ProjectedCoordinateSystem' xmlns:xsi='http://www.w3.org/2001/XMLSchema-instance' xmlns:xs='http://www.w3.org/2001/XMLSchema' xmlns:typens='http://www.esri.com/schemas/ArcGIS/10.4'&gt;&lt;WKT&gt;PROJCS[&amp;quot;NAD_1983_UTM_Zone_15N&amp;quot;,GEOGCS[&amp;quot;GCS_North_American_1983&amp;quot;,DATUM[&amp;quot;D_North_American_1983&amp;quot;,SPHEROID[&amp;quot;GRS_1980&amp;quot;,6378137.0,298.257222101]],PRIMEM[&amp;quot;Greenwich&amp;quot;,0.0],UNIT[&amp;quot;Degree&amp;quot;,0.0174532925199433]],PROJECTION[&amp;quot;Transverse_Mercator&amp;quot;],PARAMETER[&amp;quot;False_Easting&amp;quot;,500000.0],PARAMETER[&amp;quot;False_Northing&amp;quot;,0.0],PARAMETER[&amp;quot;Central_Meridian&amp;quot;,-93.0],PARAMETER[&amp;quot;Scale_Factor&amp;quot;,0.9996],PARAMETER[&amp;quot;Latitude_Of_Origin&amp;quot;,0.0],UNIT[&amp;quot;Meter&amp;quot;,1.0],AUTHORITY[&amp;quot;EPSG&amp;quot;,26915]]&lt;/WKT&gt;&lt;XOrigin&gt;-5120900&lt;/XOrigin&gt;&lt;YOrigin&gt;-9998100&lt;/YOrigin&gt;&lt;XYScale&gt;450445547.3910538&lt;/XYScale&gt;&lt;ZOrigin&gt;-100000&lt;/ZOrigin&gt;&lt;ZScale&gt;10000&lt;/ZScale&gt;&lt;MOrigin&gt;-100000&lt;/MOrigin&gt;&lt;MScale&gt;10000&lt;/MScale&gt;&lt;XYTolerance&gt;0.001&lt;/XYTolerance&gt;&lt;ZTolerance&gt;0.001&lt;/ZTolerance&gt;&lt;MTolerance&gt;0.001&lt;/MTolerance&gt;&lt;HighPrecision&gt;true&lt;/HighPrecision&gt;&lt;WKID&gt;26915&lt;/WKID&gt;&lt;LatestWKID&gt;26915&lt;/LatestWKID&gt;&lt;/ProjectedCoordinateSystem&gt;</peXml>
			</coordRef>
		</DataProperties>
		<SyncDate>20200411</SyncDate>
		<SyncTime>00322700</SyncTime>
		<ModDate>20200411</ModDate>
		<ModTime>00322700</ModTime>
	</Esri>
	<dataIdInfo>
		<envirDesc Sync="TRUE">Microsoft Windows XP Professional x64 Edition Version 5.2 (Build 3790) Service Pack 2; Esri ArcGIS 10.4.1.5686</envirDesc>
		<dataLang>
			<languageCode value="en" Sync="TRUE"/>
			<countryCode value="US" Sync="TRUE"/>
		</dataLang>
		<idCitation>
			<resTitle Sync="TRUE">deer_harvest_2014</resTitle>
			<presForm>
				<PresFormCd value="005" Sync="TRUE"/>
			</presForm>
		</idCitation>
		<spatRpType>
			<SpatRepTypCd value="001" Sync="TRUE"/>
		</spatRpType>
	</dataIdInfo>
	<mdLang>
		<languageCode value="en" Sync="TRUE"/>
		<countryCode value="US" Sync="TRUE"/>
	</mdLang>
	<distInfo>
		<distFormat>
			<formatName Sync="TRUE">Shapefile</formatName>
		</distFormat>
		<distTranOps>
			<transSize Sync="TRUE">0.000</transSize>
		</distTranOps>
	</distInfo>
	<mdHrLv>
		<ScopeCd value="005" Sync="TRUE"/>
	</mdHrLv>
	<mdHrLvName Sync="TRUE">dataset</mdHrLvName>
	<refSysInfo>
		<RefSystem>
			<refSysID>
				<identCode code="26915" Sync="TRUE"/>
				<idCodeSpace Sync="TRUE">EPSG</idCodeSpace>
				<idVersion Sync="TRUE">6.13(3.0.1)</idVersion>
			</refSysID>
		</RefSystem>
	</refSysInfo>
	<spatRepInfo>
		<VectSpatRep>
			<geometObjs Name="deer_harvest_2014">
				<geoObjTyp>
					<GeoObjTypCd value="002" Sync="TRUE"/>
				</geoObjTyp>
				<geoObjCnt Sync="TRUE">0</geoObjCnt>
			</geometObjs>
			<topLvl>
				<TopoLevCd value="001" Sync="TRUE"/>
			</topLvl>
		</VectSpatRep>
	</spatRepInfo>
	<spdoinfo>
		<ptvctinf>
			<esriterm Name="deer_harvest_2014">
				<efeatyp Sync="TRUE">Simple</efeatyp>
				<efeageom code="4" Sync="TRUE"/>
				<esritopo Sync="TRUE">FALSE</esritopo>
				<efeacnt Sync="TRUE">0</efeacnt>
				<spindex Sync="TRUE">FALSE</spindex>
				<linrefer Sync="TRUE">TRUE</linrefer>
			</esriterm>
		</ptvctinf>
	</spdoinfo>
	<eainfo>
		<detailed Name="deer_harvest_2014">
			<enttyp>
				<enttypl Sync="TRUE">deer_harvest_2014</enttypl>
				<enttypt Sync="TRUE">Feature Class</enttypt>
				<enttypc Sync="TRUE">0</enttypc>
			</enttyp>
			<attr>
				<attrlabl Sync="TRUE">FID</attrlabl>
				<attalias Sync="TRUE">FID</attalias>
				<attrtype Sync="TRUE">OID</attrtype>
				<attwidth Sync="TRUE">4</attwidth>
				<atprecis Sync="TRUE">0</atprecis>
				<attscale Sync="TRUE">0</attscale>
				<attrdef Sync="TRUE">Internal feature number.</attrdef>
				<attrdefs Sync="TRUE">Esri</attrdefs>
				<attrdomv>
					<udom Sync="TRUE">Sequential unique whole numbers that are automatically generated.</udom>
				</attrdomv>
			</attr>
			<attr>
				<attrlabl Sync="TRUE">Shape</attrlabl>
				<attalias Sync="TRUE">Shape</attalias>
				<attrtype Sync="TRUE">Geometry</attrtype>
				<attwidth Sync="TRUE">0</attwidth>
				<atprecis Sync="TRUE">0</atprecis>
				<attscale Sync="TRUE">0</attscale>
				<attrdef Sync="TRUE">Feature geometry.</attrdef>
				<attrdefs Sync="TRUE">Esri</attrdefs>
				<attrdomv>
					<udom Sync="TRUE">Coordinates defining the features.</udom>
				</attrdomv>
			</attr>
			<attr>
				<attrlabl Sync="TRUE">ZONE_</attrlabl>
				<attalias Sync="TRUE">ZONE_</attalias>
				<attrtype Sync="TRUE">Integer</attrtype>
				<attwidth Sync="TRUE">5</attwidth>
				<atprecis Sync="TRUE">5</atprecis>
				<attscale Sync="TRUE">0</attscale>
			</attr>
			<attr>
				<attrlabl Sync="TRUE">TOTPASQMI</attrlabl>
				<attalias Sync="TRUE">TOTPASQMI</attalias>
				<attrtype Sync="TRUE">Double</attrtype>
				<attwidth Sync="TRUE">19</attwidth>
				<atprecis Sync="TRUE">0</atprecis>
				<attscale Sync="TRUE">0</attscale>
			</attr>
			<attr>
				<attrlabl Sync="TRUE">ACRES</attrlabl>
				<attalias Sync="TRUE">ACRES</attalias>
				<attrtype Sync="TRUE">Double</attrtype>
				<attwidth Sync="TRUE">19</attwidth>
				<atprecis Sync="TRUE">0</atprecis>
				<attscale Sync="TRUE">0</attscale>
			</attr>
			<attr>
				<attrlabl Sync="TRUE">SQMILEWA_1</attrlabl>
				<attalias Sync="TRUE">SQMILEWA_1</attalias>
				<attrtype Sync="TRUE">Double</attrtype>
				<attwidth Sync="TRUE">19</attwidth>
				<atprecis Sync="TRUE">0</atprecis>
				<attscale Sync="TRUE">0</attscale>
			</attr>
			<attr>
				<attrlabl Sync="TRUE">SQMILENONW</attrlabl>
				<attalias Sync="TRUE">SQMILENONW</attalias>
				<attrtype Sync="TRUE">Double</attrtype>
				<attwidth Sync="TRUE">19</attwidth>
				<atprecis Sync="TRUE">0</atprecis>
				<attscale Sync="TRUE">0</attscale>
			</attr>
			<attr>
				<attrlabl Sync="TRUE">KILLBLOCK</attrlabl>
				<attalias Sync="TRUE">KILLBLOCK</attalias>
				<attrtype Sync="TRUE">Integer</attrtype>
				<attwidth Sync="TRUE">5</attwidth>
				<atprecis Sync="TRUE">5</atprecis>
				<attscale Sync="TRUE">0</attscale>
			</attr>
			<attr>
				<attrlabl Sync="TRUE">TOTALBUCK</attrlabl>
				<attalias Sync="TRUE">TOTALBUCK</attalias>
				<attrtype Sync="TRUE">Integer</attrtype>
				<attwidth Sync="TRUE">10</attwidth>
				<atprecis Sync="TRUE">10</atprecis>
				<attscale Sync="TRUE">0</attscale>
			</attr>
			<attr>
				<attrlabl Sync="TRUE">TOTALANTL</attrlabl>
				<attalias Sync="TRUE">TOTALANTL</attalias>
				<attrtype Sync="TRUE">Integer</attrtype>
				<attwidth Sync="TRUE">10</attwidth>
				<atprecis Sync="TRUE">10</atprecis>
				<attscale Sync="TRUE">0</attscale>
			</attr>
			<attr>
				<attrlabl Sync="TRUE">TOTALHARV</attrlabl>
				<attalias Sync="TRUE">TOTALHARV</attalias>
				<attrtype Sync="TRUE">Integer</attrtype>
				<attwidth Sync="TRUE">10</attwidth>
				<atprecis Sync="TRUE">10</atprecis>
				<attscale Sync="TRUE">0</attscale>
			</attr>
			<attr>
				<attrlabl Sync="TRUE">BUCKSQMILE</attrlabl>
				<attalias Sync="TRUE">BUCKSQMILE</attalias>
				<attrtype Sync="TRUE">Single</attrtype>
				<attwidth Sync="TRUE">13</attwidth>
				<atprecis Sync="TRUE">0</atprecis>
				<attscale Sync="TRUE">0</attscale>
			</attr>
			<attr>
				<attrlabl Sync="TRUE">ANTLSQMILE</attrlabl>
				<attalias Sync="TRUE">ANTLSQMILE</attalias>
				<attrtype Sync="TRUE">Single</attrtype>
				<attwidth Sync="TRUE">13</attwidth>
				<atprecis Sync="TRUE">0</atprecis>
				<attscale Sync="TRUE">0</attscale>
			</attr>
			<attr>
				<attrlabl Sync="TRUE">TOTALSQMIL</attrlabl>
				<attalias Sync="TRUE">TOTALSQMIL</attalias>
				<attrtype Sync="TRUE">Single</attrtype>
				<attwidth Sync="TRUE">13</attwidth>
				<atprecis Sync="TRUE">0</atprecis>
				<attscale Sync="TRUE">0</attscale>
			</attr>
			<attr>
				<attrlabl Sync="TRUE">Shape_Leng</attrlabl>
				<attalias Sync="TRUE">Shape_Leng</attalias>
				<attrtype Sync="TRUE">Double</attrtype>
				<attwidth Sync="TRUE">19</attwidth>
				<atprecis Sync="TRUE">0</atprecis>
				<attscale Sync="TRUE">0</attscale>
			</attr>
			<attr>
				<attrlabl Sync="TRUE">Shape_Le_1</attrlabl>
				<attalias Sync="TRUE">Shape_Le_1</attalias>
				<attrtype Sync="TRUE">Double</attrtype>
				<attwidth Sync="TRUE">19</attwidth>
				<atprecis Sync="TRUE">0</atprecis>
				<attscale Sync="TRUE">0</attscale>
			</attr>
			<attr>
				<attrlabl Sync="TRUE">Shape_Area</attrlabl>
				<attalias Sync="TRUE">Shape_Area</attalias>
				<attrtype Sync="TRUE">Double</attrtype>
				<attwidth Sync="TRUE">19</attwidth>
				<atprecis Sync="TRUE">0</atprecis>
				<attscale Sync="TRUE">0</attscale>
				<attrdef Sync="TRUE">Area of feature in internal units squared.</attrdef>
				<attrdefs Sync="TRUE">Esri</attrdefs>
				<attrdomv>
					<udom Sync="TRUE">Positive real numbers that are automatically generated.</udom>
				</attrdomv>
			</attr>
		</detailed>
	</eainfo>
	<mdDateSt Sync="TRUE">20200411</mdDateSt>
</metadata>
